<?xml version="1.0"?>
<doc>
    <assembly>
        <name>/Users/laurent/Projects/Mercurial/Monobjc/dist/2.0/Monobjc.Growl</name>
    </assembly>
    <members>
        <member name="T:Monobjc.Growl.Properties.Resources">
            <summary>
            A strongly-typed resource class, for looking up localized strings, etc.
            </summary>
        </member>
        <member name="P:Monobjc.Growl.Properties.Resources.ResourceManager">
            <summary>
            Returns the cached ResourceManager instance used by this class.
            </summary>
        </member>
        <member name="P:Monobjc.Growl.Properties.Resources.Culture">
            <summary>
            Overrides the current thread's CurrentUICulture property for all
            resource lookups using this strongly typed resource class.
            </summary>
        </member>
        <member name="T:Monobjc.Growl.GrowlApplicationBridge">
            <summary>
            Managed wrapper for GrowlApplicationBridge Objective-C class.
            </summary>
        </member>
        <member name="M:Monobjc.Growl.GrowlApplicationBridge.#ctor">
            <summary>
            Initializes a new instance of the <see cref="T:Monobjc.Growl.GrowlApplicationBridge" /> class.
            </summary>
        </member>
        <member name="M:Monobjc.Growl.GrowlApplicationBridge.#ctor(System.IntPtr)">
            <summary>
            Initializes a new instance of the <see cref="T:Monobjc.Growl.GrowlApplicationBridge" /> class.
            </summary>
            <param name="nativePointer">The native pointer.</param>
        </member>
        <member name="M:Monobjc.Growl.GrowlApplicationBridge.#ctor(System.String,System.Object,System.Object[])">
            <summary>
            Initializes a new instance of the <see cref="T:Monobjc.Growl.GrowlApplicationBridge" /> class.
            </summary>
            <param name="selector">The selector.</param>
            <param name="firstParam">The first param.</param>
            <param name="parameters">The parameters.</param>
        </member>
        <member name="T:Monobjc.Growl.GrowlApplicationBridge.GrowlApplicationBridgeEventDispatcher">
            <summary>
            Inner event handler that is exposed to the Objective-C runtime and relays delegate messages to listeners.
            </summary>
        </member>
        <member name="M:Monobjc.Growl.GrowlApplicationBridge.GrowlApplicationBridgeEventDispatcher.#ctor">
            <summary>
            Initializes a new instance of the <see cref="T:Monobjc.Growl.GrowlApplicationBridge.GrowlApplicationBridgeEventDispatcher" /> class.
            </summary>
        </member>
        <member name="M:Monobjc.Growl.GrowlApplicationBridge.GrowlApplicationBridgeEventDispatcher.#ctor(System.IntPtr)">
            <summary>
            Initializes a new instance of the <see cref="T:Monobjc.Growl.GrowlApplicationBridge.GrowlApplicationBridgeEventDispatcher" /> class.
            </summary>
            <param name="nativePointer">The native pointer.</param>
        </member>
        <member name="F:Monobjc.Growl.GrowlApplicationBridge.GrowlApplicationBridgeEventDispatcher.GrowlApplicationBridgeEventDispatcherClass">
            <summary>
            Static field for a quick access to the GrowlApplicationBridgeEventDispatcher class.
            </summary>
        </member>
        <member name="E:Monobjc.Growl.GrowlApplicationBridge.GrowlApplicationBridgeEventDispatcher.RegistrationDictionaryForGrowl">
            <summary>
                <para>Return the dictionary used to register this application with Growl.</para>
                <para>Original signature is '- (NSDictionary *) registrationDictionaryForGrowl;'</para>
                <para>Available in Growl v1.2 and later.</para>
            </summary>
        </member>
        <member name="E:Monobjc.Growl.GrowlApplicationBridge.GrowlApplicationBridgeEventDispatcher.ApplicationNameForGrowl">
            <summary>
                <para>Return the name of this application which will be used for Growl bookkeeping.</para>
                <para>Original signature is '- (NSString *) applicationNameForGrowl;'</para>
                <para>Available in Growl v1.2 and later.</para>
            </summary>
        </member>
        <member name="E:Monobjc.Growl.GrowlApplicationBridge.GrowlApplicationBridgeEventDispatcher.ApplicationIconForGrowl">
            <summary>
                <para>Return the <code>NSImage</code> to treat as the application icon.</para>
                <para>Original signature is '- (NSImage *) applicationIconForGrowl;'</para>
                <para>Available in Growl v1.2 and later.</para>
            </summary>
        </member>
        <member name="E:Monobjc.Growl.GrowlApplicationBridge.GrowlApplicationBridgeEventDispatcher.ApplicationIconDataForGrowl">
            <summary>
                <para>Return the <code>NSData</code> to treat as the application icon.</para>
                <para>Original signature is '- (NSData *) applicationIconDataForGrowl;'</para>
                <para>Available in Growl v1.2 and later.</para>
            </summary>
        </member>
        <member name="E:Monobjc.Growl.GrowlApplicationBridge.GrowlApplicationBridgeEventDispatcher.GrowlIsReady">
            <summary>
                <para>Informs the delegate that Growl has launched.</para>
                <para>Original signature is '- (void) growlIsReady'</para>
                <para>Available in Growl v1.2 and later.</para>
            </summary>
        </member>
        <member name="E:Monobjc.Growl.GrowlApplicationBridge.GrowlApplicationBridgeEventDispatcher.GrowlNotificationWasClicked">
            <summary>
                <para>Informs the delegate that a Growl notification was clicked.</para>
                <para>Original signature is '- (void) growlNotificationWasClicked:(id)clickContext;'</para>
                <para>Available in Growl v1.2 and later.</para>
            </summary>
        </member>
        <member name="E:Monobjc.Growl.GrowlApplicationBridge.GrowlApplicationBridgeEventDispatcher.GrowlNotificationTimedOut">
            <summary>
                <para>Informs the delegate that a Growl notification timed out.</para>
                <para>Original signature is '- (void) growlNotificationTimedOut:(id)clickContext;'</para>
                <para>Available in Growl v1.2 and later.</para>
            </summary>
        </member>
        <member name="E:Monobjc.Growl.GrowlApplicationBridge.GrowlApplicationBridgeEventDispatcher.GrowlInstallationWindowTitle">
            <summary>
                <para>Return the title of the installation window.</para>
                <para>Original signature is '- (NSString *)growlInstallationWindowTitle;'</para>
                <para>Available in Growl v1.2 and later.</para>
            </summary>
        </member>
        <member name="E:Monobjc.Growl.GrowlApplicationBridge.GrowlApplicationBridgeEventDispatcher.GrowlUpdateWindowTitle">
            <summary>
                <para>Return the title of the upgrade window.</para>
                <para>Original signature is '- (NSString *)growlUpdateWindowTitle;'</para>
                <para>Available in Growl v1.2 and later.</para>
            </summary>
        </member>
        <member name="E:Monobjc.Growl.GrowlApplicationBridge.GrowlApplicationBridgeEventDispatcher.GrowlInstallationInformation">
            <summary>
                <para>Return the information to display when installing.</para>
                <para>Original signature is '- (NSAttributedString *)growlInstallationInformation;'</para>
                <para>Available in Growl v1.2 and later.</para>
            </summary>
        </member>
        <member name="E:Monobjc.Growl.GrowlApplicationBridge.GrowlApplicationBridgeEventDispatcher.GrowlUpdateInformation">
            <summary>
                <para>Return the information to display when upgrading.</para>
                <para>Original signature is '- (NSAttributedString *)growlUpdateInformation;'</para>
                <para>Available in Growl v1.2 and later.</para>
            </summary>
        </member>
        <member name="M:Monobjc.Growl.GrowlApplicationBridge.GrowlApplicationBridgeEventDispatcher.RespondsToSelector(System.IntPtr)">
            <summary>
                <para>Returns a Boolean value that indicates whether the receiver implements or inherits a method that can respond to a specified message.</para>
                <para>Original signature is '- (BOOL)respondsToSelector:(SEL)aSelector'</para>
                <para>Available in Mac OS X v10.0 and later.</para>
            </summary>
            <param name="aSelector">A selector that identifies a message.</param>
            <returns>
            YES if the receiver implements or inherits a method that can respond to aSelector, otherwise NO.
            </returns>
        </member>
        <member name="M:Monobjc.Growl.GrowlApplicationBridge.GrowlApplicationBridgeEventDispatcher.RegistrationDictionaryForGrowlMessage">
            <summary>
                <para>Return the dictionary used to register this application with Growl.</para>
                <para>Original signature is '- (NSDictionary *) registrationDictionaryForGrowl;'</para>
                <para>Available in Growl v1.2 and later.</para>
            </summary>
        </member>
        <member name="M:Monobjc.Growl.GrowlApplicationBridge.GrowlApplicationBridgeEventDispatcher.ApplicationNameForGrowlMessage">
            <summary>
                <para>Return the name of this application which will be used for Growl bookkeeping.</para>
                <para>Original signature is '- (NSString *) applicationNameForGrowl;'</para>
                <para>Available in Growl v1.2 and later.</para>
            </summary>
        </member>
        <member name="M:Monobjc.Growl.GrowlApplicationBridge.GrowlApplicationBridgeEventDispatcher.ApplicationIconForGrowlMessage">
            <summary>
                <para>Return the <code>NSImage</code> to treat as the application icon.</para>
                <para>Original signature is '- (NSImage *) applicationIconForGrowl;'</para>
                <para>Available in Growl v1.2 and later.</para>
            </summary>
        </member>
        <member name="M:Monobjc.Growl.GrowlApplicationBridge.GrowlApplicationBridgeEventDispatcher.ApplicationIconDataForGrowlMessage">
            <summary>
                <para>Return the <code>NSData</code> to treat as the application icon.</para>
                <para>Original signature is '- (NSData *) applicationIconDataForGrowl;'</para>
                <para>Available in Growl v1.2 and later.</para>
            </summary>
        </member>
        <member name="M:Monobjc.Growl.GrowlApplicationBridge.GrowlApplicationBridgeEventDispatcher.GrowlIsReadyMessage">
            <summary>
                <para>Informs the delegate that Growl has launched.</para>
                <para>Original signature is '- (void) growlIsReady'</para>
                <para>Available in Growl v1.2 and later.</para>
            </summary>
        </member>
        <member name="M:Monobjc.Growl.GrowlApplicationBridge.GrowlApplicationBridgeEventDispatcher.GrowlNotificationWasClickedMessage(Monobjc.Id)">
            <summary>
                <para>Informs the delegate that a Growl notification was clicked.</para>
                <para>Original signature is '- (void) growlNotificationWasClicked:(id)clickContext;'</para>
                <para>Available in Growl v1.2 and later.</para>
            </summary>
        </member>
        <member name="M:Monobjc.Growl.GrowlApplicationBridge.GrowlApplicationBridgeEventDispatcher.GrowlNotificationTimedOutMessage(Monobjc.Id)">
            <summary>
                <para>Informs the delegate that a Growl notification timed out.</para>
                <para>Original signature is '- (void) growlNotificationTimedOut:(id)clickContext;'</para>
                <para>Available in Growl v1.2 and later.</para>
            </summary>
        </member>
        <member name="M:Monobjc.Growl.GrowlApplicationBridge.GrowlApplicationBridgeEventDispatcher.GrowlInstallationWindowTitleMessage">
            <summary>
                <para>Return the title of the installation window.</para>
                <para>Original signature is '- (NSString *)growlInstallationWindowTitle;'</para>
                <para>Available in Growl v1.2 and later.</para>
            </summary>
        </member>
        <member name="M:Monobjc.Growl.GrowlApplicationBridge.GrowlApplicationBridgeEventDispatcher.GrowlUpdateWindowTitleMessage">
            <summary>
                <para>Return the title of the upgrade window.</para>
                <para>Original signature is '- (NSString *)growlUpdateWindowTitle;'</para>
                <para>Available in Growl v1.2 and later.</para>
            </summary>
        </member>
        <member name="M:Monobjc.Growl.GrowlApplicationBridge.GrowlApplicationBridgeEventDispatcher.GrowlInstallationInformationMessage">
            <summary>
                <para>Return the information to display when installing.</para>
                <para>Original signature is '- (NSAttributedString *)growlInstallationInformation;'</para>
                <para>Available in Growl v1.2 and later.</para>
            </summary>
        </member>
        <member name="M:Monobjc.Growl.GrowlApplicationBridge.GrowlApplicationBridgeEventDispatcher.GrowlUpdateInformationMessage">
            <summary>
                <para>Return the information to display when upgrading.</para>
                <para>Original signature is '- (NSAttributedString *)growlUpdateInformation;'</para>
                <para>Available in Growl v1.2 and later.</para>
            </summary>
        </member>
        <member name="M:Monobjc.Growl.GrowlApplicationBridge.GrowlApplicationBridgeEventDispatcher.Dealloc">
            <summary>
            Deallocates the memory occupied by the receiver.
            </summary>
        </member>
        <member name="T:Monobjc.Growl.GrowlApplicationBridge.ApplicationIconDataForGrowlEventHandler">
            <summary>
                <para>Return the <code>NSData</code> to treat as the application icon.</para>
                <para>Original signature is '- (NSData *) applicationIconDataForGrowl;'</para>
                <para>Available in Growl v1.2 and later.</para>
            </summary>
        </member>
        <member name="T:Monobjc.Growl.GrowlApplicationBridge.ApplicationIconForGrowlEventHandler">
            <summary>
                <para>Return the <code>NSImage</code> to treat as the application icon.</para>
                <para>Original signature is '- (NSImage *) applicationIconForGrowl;'</para>
                <para>Available in Growl v1.2 and later.</para>
            </summary>
        </member>
        <member name="T:Monobjc.Growl.GrowlApplicationBridge.ApplicationNameForGrowlEventHandler">
            <summary>
                <para>Return the name of this application which will be used for Growl bookkeeping.</para>
                <para>Original signature is '- (NSString *) applicationNameForGrowl;'</para>
                <para>Available in Growl v1.2 and later.</para>
            </summary>
        </member>
        <member name="T:Monobjc.Growl.GrowlApplicationBridge.GrowlInstallationInformationEventHandler">
            <summary>
                <para>Return the information to display when installing.</para>
                <para>Original signature is '- (NSAttributedString *)growlInstallationInformation;'</para>
                <para>Available in Growl v1.2 and later.</para>
            </summary>
        </member>
        <member name="T:Monobjc.Growl.GrowlApplicationBridge.GrowlInstallationWindowTitleEventHandler">
            <summary>
                <para>Return the title of the installation window.</para>
                <para>Original signature is '- (NSString *)growlInstallationWindowTitle;'</para>
                <para>Available in Growl v1.2 and later.</para>
            </summary>
        </member>
        <member name="T:Monobjc.Growl.GrowlApplicationBridge.GrowlIsReadyEventHandler">
            <summary>
                <para>Informs the delegate that Growl has launched.</para>
                <para>Original signature is '- (void) growlIsReady'</para>
                <para>Available in Growl v1.2 and later.</para>
            </summary>
        </member>
        <member name="T:Monobjc.Growl.GrowlApplicationBridge.GrowlNotificationTimedOutEventHandler">
            <summary>
                <para>Informs the delegate that a Growl notification timed out.</para>
                <para>Original signature is '- (void) growlNotificationTimedOut:(id)clickContext;'</para>
                <para>Available in Growl v1.2 and later.</para>
            </summary>
        </member>
        <member name="T:Monobjc.Growl.GrowlApplicationBridge.GrowlNotificationWasClickedEventHandler">
            <summary>
                <para>Informs the delegate that a Growl notification was clicked.</para>
                <para>Original signature is '- (void) growlNotificationWasClicked:(id)clickContext;'</para>
                <para>Available in Growl v1.2 and later.</para>
            </summary>
        </member>
        <member name="T:Monobjc.Growl.GrowlApplicationBridge.GrowlUpdateInformationEventHandler">
            <summary>
                <para>Return the information to display when upgrading.</para>
                <para>Original signature is '- (NSAttributedString *)growlUpdateInformation;'</para>
                <para>Available in Growl v1.2 and later.</para>
            </summary>
        </member>
        <member name="T:Monobjc.Growl.GrowlApplicationBridge.GrowlUpdateWindowTitleEventHandler">
            <summary>
                <para>Return the title of the upgrade window.</para>
                <para>Original signature is '- (NSString *)growlUpdateWindowTitle;'</para>
                <para>Available in Growl v1.2 and later.</para>
            </summary>
        </member>
        <member name="T:Monobjc.Growl.GrowlApplicationBridge.RegistrationDictionaryForGrowlEventHandler">
            <summary>
                <para>Return the dictionary used to register this application with Growl.</para>
                <para>Original signature is '- (NSDictionary *) registrationDictionaryForGrowl;'</para>
                <para>Available in Growl v1.2 and later.</para>
            </summary>
        </member>
        <member name="F:Monobjc.Growl.GrowlApplicationBridge.GrowlApplicationBridgeClass">
            <summary>
            Static field for a quick access to the GrowlApplicationBridge class.
            </summary>
        </member>
        <member name="P:Monobjc.Growl.GrowlApplicationBridge.BestRegistrationDictionary">
            <summary>
                <para>Obtains a registration dictionary, filled out to the best of GrowlApplicationBridge's knowledge.</para>
                <para>Original signature is '+ (NSDictionary *) bestRegistrationDictionary;'</para>
                <para>Available in Growl v1.2 and later.</para>
            </summary>
            <value>A registration dictionary.</value>
        </member>
        <member name="P:Monobjc.Growl.GrowlApplicationBridge.FrameworkInfoDictionary">
            <summary>
                <para>Gets the framework info dictionary.</para>
                <para>Available in Growl v1.2 and later.</para>
            </summary>
            <value>The framework info dictionary.</value>
        </member>
        <member name="P:Monobjc.Growl.GrowlApplicationBridge.GrowlDelegate">
            <summary>
                <para>Get or set the object which will be responsible for providing and receiving Growl information.</para>
                <para>Original signature is '+ (NSObject&lt;GrowlApplicationBridgeDelegate&gt; *) growlDelegate;'</para>
                <para>Available in Growl v1.2 and later.</para>
            </summary>
            <value>The Growl delegate.</value>
        </member>
        <member name="P:Monobjc.Growl.GrowlApplicationBridge.IsGrowlInstalled">
            <summary>
                <para>Detects whether Growl is installed.</para>
                <para>Original signature is '+ (BOOL) isGrowlInstalled;'</para>
                <para>Available in Growl v1.2 and later.</para>
            </summary>
            <value>Returns YES if Growl is installed, NO otherwise.</value>
        </member>
        <member name="P:Monobjc.Growl.GrowlApplicationBridge.IsGrowlRunning">
            <summary>
                <para>Detects whether GrowlHelperApp is currently running.</para>
                <para>Original signature is '+ (BOOL) isGrowlRunning;'</para>
                <para>Available in Growl v1.2 and later.</para>
            </summary>
            <value>Returns YES if Growl is installed, NO otherwise.</value>
        </member>
        <member name="P:Monobjc.Growl.GrowlApplicationBridge.RegistrationDictionaryFromDelegate">
            <summary>
                <para>Asks the delegate for a registration dictionary.</para>
                <para>Original signature is '+ (NSDictionary *) registrationDictionaryFromDelegate;'</para>
                <para>Available in Growl v1.2 and later.</para>
            </summary>
            <value>A registration dictionary.</value>
        </member>
        <member name="P:Monobjc.Growl.GrowlApplicationBridge.WillRegisterWhenGrowlIsReady">
            <summary>
                <para>Reports whether GrowlApplicationBridge will register with Growl when Growl next launches.</para>
                <para>Original signature is '+ (BOOL) willRegisterWhenGrowlIsReady;'</para>
                <para>Available in Growl v1.2 and later.</para>
            </summary>
            <value>
                <code>YES</code> if GrowlApplicationBridge will register with Growl.
            </value>
        </member>
        <member name="M:Monobjc.Growl.GrowlApplicationBridge.NotificationDictionaryByFillingInDictionary(Monobjc.Cocoa.NSDictionary)">
            <summary>
                <para>Tries to fill in missing keys in a notification dictionary.</para>
                <para>Original signature is '+ (NSDictionary *) registrationDictionaryFromBundle:(NSBundle *)bundle;'</para>
                <para>Available in Growl v1.2 and later.</para>
            </summary>
            <param name="regDict">The dictionary to fill in.</param>
            <returns>The dictionary with the keys filled in. This will be a separate instance from a regDict.</returns>
        </member>
        <member name="M:Monobjc.Growl.GrowlApplicationBridge.NotifyWithDictionary(Monobjc.Cocoa.NSDictionary)">
            <summary>
                <para>DetectsNotifies using a userInfo dictionary suitable for passing to <see cref="T:Monobjc.Cocoa.NSDistributedNotificationCenter" />.</para>
                <para>Original signature is '+ (void) notifyWithDictionary:(NSDictionary *)userInfo;'</para>
                <para>Available in Growl v1.2 and later.</para>
            </summary>
            <param name="userInfo">The dictionary to notify with.</param>
        </member>
        <member name="M:Monobjc.Growl.GrowlApplicationBridge.NotifyWithTitleDescriptionNotificationNameIconDataPriorityIsStickyClickContext(Monobjc.Cocoa.NSString,Monobjc.Cocoa.NSString,Monobjc.Cocoa.NSString,Monobjc.Cocoa.NSData,System.Int32,System.Boolean,Monobjc.Id)">
            <summary>
                <para>Send a Growl notification.</para>
                <para>Original signature is '+ (void) notifyWithTitle:(NSString *)title description:(NSString *)description notificationName:(NSString *)notifName iconData:(NSData *)iconData priority:(signed int)priority isSticky:(BOOL)isSticky clickContext:(id)clickContext;'</para>
                <para>Available in Growl v1.2 and later.</para>
            </summary>
            <param name="title">The title of the notification displayed to the user.</param>
            <param name="description">The full description of the notification displayed to the user.</param>
            <param name="notifName">The internal name of the notification. Should be human-readable, as it will be displayed in the Growl preference pane.</param>
            <param name="iconData">
                <see cref="T:Monobjc.Cocoa.NSData" /> object to show with the notification as its icon. If <code>nil</code>, the application's icon will be used instead.</param>
            <param name="priority">The priority of the notification. The default value is 0; positive values are higher priority and negative values are lower priority. Not all Growl displays support priority.</param>
            <param name="isSticky">If YES, the notification will remain on screen until clicked. Not all Growl displays support sticky notifications.</param>
            <param name="clickContext">A context passed back to the Growl delegate if it implements -(void)growlNotificationWasClicked: and the notification is clicked. Not all display plugins support clicking. The clickContext must be plist-encodable (completely of <see cref="T:Monobjc.Cocoa.NSString" />, <see cref="T:Monobjc.Cocoa.NSArray" />, <see cref="T:Monobjc.Cocoa.NSNumber" />, <see cref="T:Monobjc.Cocoa.NSDictionary" />, and <see cref="T:Monobjc.Cocoa.NSData" /> types).</param>
        </member>
        <member name="M:Monobjc.Growl.GrowlApplicationBridge.NotifyWithTitleDescriptionNotificationNameIconDataPriorityIsStickyClickContextIdentifier(Monobjc.Cocoa.NSString,Monobjc.Cocoa.NSString,Monobjc.Cocoa.NSString,Monobjc.Cocoa.NSData,System.Int32,System.Boolean,Monobjc.Id,Monobjc.Cocoa.NSString)">
            <summary>
                <para>Send a Growl notification.</para>
                <para>Original signature is '+ (void) notifyWithTitle:(NSString *)title description:(NSString *)description notificationName:(NSString *)notifName iconData:(NSData *)iconData priority:(signed int)priority isSticky:(BOOL)isSticky clickContext:(id)clickContext identifier:(NSString *)identifier;'</para>
                <para>Available in Growl v1.2 and later.</para>
            </summary>
            <param name="title">The title of the notification displayed to the user.</param>
            <param name="description">The full description of the notification displayed to the user.</param>
            <param name="notifName">The internal name of the notification. Should be human-readable, as it will be displayed in the Growl preference pane.</param>
            <param name="iconData">
                <see cref="T:Monobjc.Cocoa.NSData" /> object to show with the notification as its icon. If <code>nil</code>, the application's icon will be used instead.</param>
            <param name="priority">The priority of the notification. The default value is 0; positive values are higher priority and negative values are lower priority. Not all Growl displays support priority.</param>
            <param name="isSticky">If YES, the notification will remain on screen until clicked. Not all Growl displays support sticky notifications.</param>
            <param name="clickContext">A context passed back to the Growl delegate if it implements -(void)growlNotificationWasClicked: and the notification is clicked. Not all display plugins support clicking. The clickContext must be plist-encodable (completely of <see cref="T:Monobjc.Cocoa.NSString" />, <see cref="T:Monobjc.Cocoa.NSArray" />, <see cref="T:Monobjc.Cocoa.NSNumber" />, <see cref="T:Monobjc.Cocoa.NSDictionary" />, and <see cref="T:Monobjc.Cocoa.NSData" /> types).</param>
            <param name="identifier">An identifier for this notification. Notifications with equal identifiers are coalesced.</param>
        </member>
        <member name="M:Monobjc.Growl.GrowlApplicationBridge.RegisterWithDictionary(Monobjc.Cocoa.NSDictionary)">
            <summary>
                <para>Register your application with Growl without setting a delegate.</para>
                <para>Original signature is '+ (BOOL) registerWithDictionary:(NSDictionary *)c;'</para>
                <para>Available in Growl v1.2 and later.</para>
            </summary>
            <param name="c">The dictionary.</param>
        </member>
        <member name="M:Monobjc.Growl.GrowlApplicationBridge.RegistrationDictionaryByFillingInDictionary(Monobjc.Cocoa.NSDictionary)">
            <summary>
                <para>Tries to fill in missing keys in a registration dictionary.</para>
                <para>Original signature is '+ (NSDictionary *) registrationDictionaryByFillingInDictionary:(NSDictionary *)regDict;'</para>
                <para>Available in Growl v1.2 and later.</para>
            </summary>
            <param name="regDict">The dictionary to fill in.</param>
            <returns>The dictionary with the keys filled in. This is an autoreleased copy of <code>regDict</code>.</returns>
        </member>
        <member name="M:Monobjc.Growl.GrowlApplicationBridge.RegistrationDictionaryByFillingInDictionaryRestrictToKeys(Monobjc.Cocoa.NSDictionary,Monobjc.Cocoa.NSSet)">
            <summary>
                <para>Tries to fill in missing keys in a registration dictionary.</para>
                <para>Original signature is '+ (NSDictionary *) registrationDictionaryByFillingInDictionary:(NSDictionary *)regDict;'</para>
                <para>Available in Growl v1.2 and later.</para>
            </summary>
            <param name="regDict">The dictionary to fill in.</param>
            <param name="keys">The keys to fill in. If <code>nil</code>, any missing keys are filled in.</param>
            <returns>
            The dictionary with the keys filled in. This is an autoreleased copy of <code>regDict</code>.
            </returns>
        </member>
        <member name="M:Monobjc.Growl.GrowlApplicationBridge.RegistrationDictionaryFromBundle(Monobjc.Cocoa.NSBundle)">
            <summary>
                <para>Looks in a bundle for a registration dictionary.</para>
                <para>Original signature is '+ (NSDictionary *) registrationDictionaryFromBundle:(NSBundle *)bundle;'</para>
                <para>Available in Growl v1.2 and later.</para>
            </summary>
            <param name="bundle">The bundle to scan.</param>
            <returns>A registration dictionary.</returns>
        </member>
        <member name="M:Monobjc.Growl.GrowlApplicationBridge.ReregisterGrowlNotifications">
            <summary>
                <para>Reregister the notifications for this application.</para>
                <para>Original signature is '+ (void) reregisterGrowlNotifications;'</para>
                <para>Available in Growl v1.2 and later.</para>
            </summary>
        </member>
        <member name="M:Monobjc.Growl.GrowlApplicationBridge.SetDelegate(System.Action{Monobjc.Growl.GrowlApplicationBridge.GrowlApplicationBridgeEventDispatcher})">
            <summary>
            Sets the delegate of the <see cref="T:Monobjc.Growl.GrowlApplicationBridge" /> instance.
            </summary>
            <param name="assignment">The assignment of delegation methods.</param>
        </member>
        <member name="T:Monobjc.Growl.IGrowlApplicationBridgeDelegate">
            <summary>
            Managed wrapper for GrowlApplicationBridgeDelegate Objective-C protocol.
            </summary>
        </member>
        <member name="T:Monobjc.Growl.GrowlFramework">
            <summary>
            Utility class to access Growl framework.
            </summary>
        </member>
        <member name="F:Monobjc.Growl.GrowlFramework.GROWL_APP_ICON">
            <summary>
                <para>The image data for your application's icon.</para>
                <para>Available in Growl v1.2 and later.</para>
            </summary>
        </member>
        <member name="F:Monobjc.Growl.GrowlFramework.GROWL_APP_ID">
            <summary>
                <para>The bundle identifier of your application.</para>
                <para>Available in Growl v1.2 and later.</para>
            </summary>
        </member>
        <member name="F:Monobjc.Growl.GrowlFramework.GROWL_APP_NAME">
            <summary>
                <para>The name of your application.</para>
                <para>Available in Growl v1.2 and later.</para>
            </summary>
        </member>
        <member name="F:Monobjc.Growl.GrowlFramework.GROWL_APP_PID">
            <summary>
                <para>The process identifier of the process which sends this</para>
                <para>Available in Growl v1.2 and later.</para>
            </summary>
        </member>
        <member name="F:Monobjc.Growl.GrowlFramework.GROWL_APP_REGISTRATION">
            <summary>
                <para>The distributed notification for registering your application.</para>
                <para>Available in Growl v1.2 and later.</para>
            </summary>
        </member>
        <member name="F:Monobjc.Growl.GrowlFramework.GROWL_APP_REGISTRATION_CONF">
            <summary>
                <para>The distributed notification for confirming registration.</para>
                <para>Available in Growl v1.2 and later.</para>
            </summary>
        </member>
        <member name="F:Monobjc.Growl.GrowlFramework.GROWL_DISPLAY_PLUGIN">
            <summary>
                <para>The name of a display plugin which should be used for this notification.</para>
                <para>Available in Growl v1.2 and later.</para>
            </summary>
        </member>
        <member name="F:Monobjc.Growl.GrowlFramework.GROWL_IS_READY">
            <summary>
                <para>The distributed notification sent when Growl starts up.</para>
                <para>Available in Growl v1.2 and later.</para>
            </summary>
        </member>
        <member name="F:Monobjc.Growl.GrowlFramework.GROWL_KEY_CLICKED_CONTEXT">
            <summary>
                <para>Used internally as the key for the clickedContext passed over DNC.</para>
                <para>Available in Growl v1.2 and later.</para>
            </summary>
        </member>
        <member name="F:Monobjc.Growl.GrowlFramework.GROWL_NOTIFICATION">
            <summary>
                <para>The distributed notification for Growl notifications.</para>
                <para>Available in Growl v1.2 and later.</para>
            </summary>
        </member>
        <member name="F:Monobjc.Growl.GrowlFramework.GROWL_NOTIFICATION_APP_ICON">
            <summary>
                <para>Image data for the application icon, in case GROWL_APP_ICON does not apply for some reason. Must be in a format supported by NSImage, such as TIFF, PNG, GIF, JPEG, BMP, PICT, or PDF.</para>
                <para>Available in Growl v1.2 and later.</para>
            </summary>
        </member>
        <member name="F:Monobjc.Growl.GrowlFramework.GROWL_NOTIFICATION_CLICK_CONTEXT">
            <summary>
                <para>Identifies which notification was clicked.</para>
                <para>Available in Growl v1.2 and later.</para>
            </summary>
        </member>
        <member name="F:Monobjc.Growl.GrowlFramework.GROWL_NOTIFICATION_CLICKED">
            <summary>
                <para>The distributed notification sent when a supported notification is clicked.</para>
                <para>Available in Growl v1.2 and later.</para>
            </summary>
        </member>
        <member name="F:Monobjc.Growl.GrowlFramework.GROWL_NOTIFICATION_DESCRIPTION">
            <summary>
                <para>The description to display in the notification.</para>
                <para>Available in Growl v1.2 and later.</para>
            </summary>
        </member>
        <member name="F:Monobjc.Growl.GrowlFramework.GROWL_NOTIFICATION_ICON">
            <summary>
                <para>Image data for the notification icon. Must be in a format</para>
                <para>Available in Growl v1.2 and later.</para>
            </summary>
        </member>
        <member name="F:Monobjc.Growl.GrowlFramework.GROWL_NOTIFICATION_IDENTIFIER">
            <summary>
                <para>An identifier for the notification for coalescing purposes.</para>
                <para>Available in Growl v1.2 and later.</para>
            </summary>
        </member>
        <member name="F:Monobjc.Growl.GrowlFramework.GROWL_NOTIFICATION_NAME">
            <summary>
                <para>The name of the notification.</para>
                <para>Available in Growl v1.2 and later.</para>
            </summary>
        </member>
        <member name="F:Monobjc.Growl.GrowlFramework.GROWL_NOTIFICATION_PRIORITY">
            <summary>
                <para>The priority of the notification as an integer number from -2 to +2 (+2 being highest).</para>
                <para>Available in Growl v1.2 and later.</para>
            </summary>
        </member>
        <member name="F:Monobjc.Growl.GrowlFramework.GROWL_NOTIFICATION_PROGRESS">
            <summary>
                <para>If this key is set, it should contain a double value wrapped</para>
                <para>Available in Growl v1.2 and later.</para>
            </summary>
        </member>
        <member name="F:Monobjc.Growl.GrowlFramework.GROWL_NOTIFICATION_STICKY">
            <summary>
                <para>A Boolean number controlling whether the notification is sticky.</para>
                <para>Available in Growl v1.2 and later.</para>
            </summary>
        </member>
        <member name="F:Monobjc.Growl.GrowlFramework.GROWL_NOTIFICATION_TIMED_OUT">
            <summary>
                <para>The time-out for the notification.</para>
                <para>Available in Growl v1.2 and later.</para>
            </summary>
        </member>
        <member name="F:Monobjc.Growl.GrowlFramework.GROWL_NOTIFICATION_TITLE">
            <summary>
                <para>The title to display in the notification.</para>
                <para>Available in Growl v1.2 and later.</para>
            </summary>
        </member>
        <member name="F:Monobjc.Growl.GrowlFramework.GROWL_NOTIFICATIONS_ALL">
            <summary>
                <para>The array of all notifications your application can send.</para>
                <para>Available in Growl v1.2 and later.</para>
            </summary>
        </member>
        <member name="F:Monobjc.Growl.GrowlFramework.GROWL_NOTIFICATIONS_DEFAULT">
            <summary>
                <para>The array of notifications to turn on by default.</para>
                <para>Available in Growl v1.2 and later.</para>
            </summary>
        </member>
        <member name="F:Monobjc.Growl.GrowlFramework.GROWL_NOTIFICATIONS_DESCRIPTIONS">
            <summary>
                <para>A dictionary of descriptions of _when_ each notification occurs</para>
                <para>Available in Growl v1.2 and later.</para>
            </summary>
        </member>
        <member name="F:Monobjc.Growl.GrowlFramework.GROWL_NOTIFICATIONS_HUMAN_READABLE_NAMES">
            <summary>
                <para>A dictionary of human-readable names for your notifications.</para>
                <para>Available in Growl v1.2 and later.</para>
            </summary>
        </member>
        <member name="F:Monobjc.Growl.GrowlFramework.GROWL_PING">
            <summary>
                <para>A distributed notification to check whether Growl is running.</para>
                <para>Available in Growl v1.2 and later.</para>
            </summary>
        </member>
        <member name="F:Monobjc.Growl.GrowlFramework.GROWL_PONG">
            <summary>
                <para>The distributed notification sent in reply to GROWL_PING.</para>
                <para>Available in Growl v1.2 and later.</para>
            </summary>
        </member>
        <member name="F:Monobjc.Growl.GrowlFramework.GROWL_POSITION_PREFERENCE_KEY">
            <summary>
                <para>MISSING</para>
                <para>Available in Growl v1.2 and later.</para>
            </summary>
        </member>
        <member name="F:Monobjc.Growl.GrowlFramework.GROWL_REG_DICT_EXTENSION">
            <summary>
                <para>The filename extension for registration dictionaries.</para>
                <para>Available in Growl v1.2 and later.</para>
            </summary>
        </member>
        <member name="F:Monobjc.Growl.GrowlFramework.GROWL_SHUTDOWN">
            <summary>
                <para>The distributed notification name that tells Growl to shutdown.</para>
                <para>Available in Growl v1.2 and later.</para>
            </summary>
        </member>
        <member name="F:Monobjc.Growl.GrowlFramework.GROWL_TICKET_VERSION">
            <summary>
                <para>The version of your registration ticket.</para>
                <para>Available in Growl v1.2 and later.</para>
            </summary>
        </member>
    </members>
</doc>
