<?xml version="1.0"?>
<doc>
    <assembly>
        <name>/Users/laurent/Projects/Mercurial/Monobjc/dist/2.0/Monobjc.OpenGL</name>
    </assembly>
    <members>
        <member name="T:Monobjc.OpenGL.Properties.Resources">
            <summary>
            A strongly-typed resource class, for looking up localized strings, etc.
            </summary>
        </member>
        <member name="P:Monobjc.OpenGL.Properties.Resources.ResourceManager">
            <summary>
            Returns the cached ResourceManager instance used by this class.
            </summary>
        </member>
        <member name="P:Monobjc.OpenGL.Properties.Resources.Culture">
            <summary>
            Overrides the current thread's CurrentUICulture property for all
            resource lookups using this strongly typed resource class.
            </summary>
        </member>
        <member name="T:Monobjc.OpenGL.OpenGLFramework">
            <summary>
            Utility class to access OpenGL framework.
            </summary>
        </member>
    </members>
</doc>
